ecosystem,entropy,entropy_normalized,num_projects
1,2.0261206329699606,0.7151316850954937,6
0,1.9850531879046152,0.7006366788682004,4
2,1.9354419359113453,0.6831260836645779,36
