ecosystem,entropy,entropy_normalized,num_projects
2,2.0890625349696235,0.7373474148539704,9
4,2.0843818457484145,0.7356953369294369,7
1,1.7939025067771128,0.6331688753833282,16
0,1.6044282231275546,0.5662927666543278,13
3,-0.0,-0.0,1
