k,mean_ari,median_ari,std_ari,n_repeats_effective
2,0.5866666666666667,1.0,0.5066666666666666,5
3,0.5496577069954649,0.569377990430622,0.3200671114056975,5
4,0.9099379674121255,0.9660729431721798,0.09018289950339348,5
