k,silhouette_score,n_clusters
2,0.24885402375318957,2
3,0.37602037310050856,3
4,0.40952504816824753,4
5,0.41645906180011977,5
6,0.4211803142925503,6
7,0.416452219458156,7
8,0.41558412151425894,8
9,0.4058388934825872,9
10,0.4405043631330762,10
11,0.43372857930956193,11
12,0.434057269406368,12
13,0.4310010039822096,13
14,0.4293584988469696,14
15,0.5138634340258368,15
16,0.5055355795441361,16
17,0.4940029026883324,17
18,0.4808715895570193,18
19,0.45928396653492193,19
20,0.447137202451399,20
