resolution,n_clusters,silhouette_score,modularity,stability_mean,stability_std
0.8,3,0.14118127020692792,0.19586061077137568,0.9683920149595944,0.04015368928848873
0.9,4,0.1466455100857771,0.20511623327833178,0.9092163560227308,0.05958950645712413
1.0,6,0.1345301575045935,0.19972092343001732,0.5866726631682774,0.07802862138516636
1.1,7,0.13927534209636172,0.1992410418229416,0.6343801892318746,0.13006113941562145
1.2,7,0.1306800756081629,0.19515180806527022,0.7725796066145559,0.14603609087080366
1.3,15,0.05983499544425921,0.17195338138716043,0.5936232351421296,0.04842876123199758
