ecosystem,entropy,entropy_normalized,num_projects
0,3.6882928522114216,0.7744977194681275,563
1,3.539268437653548,0.743204361308961,480
