ecosystem,entropy,entropy_normalized,num_projects
0,3.90254006835715,0.8286474237429644,1003
1,0.0,0.0,37
2,-0.0,-0.0,3
