ecosystem,entropy,entropy_normalized,num_projects
1,3.7905505355541322,0.8048680810026182,494
0,3.5974540171528995,0.7638668536726766,453
2,2.975934192351938,0.6318961903084684,59
3,0.0,0.0,37
