ecosystem,config_cluster,entropy,entropy_normalized,num_projects,num_options
1,0,6.430890516876948,0.9996813936034404,3,622
1,1,1.945910149055313,0.3024915701067464,1,622
1,3,1.945910149055313,0.3024915701067464,1,622
1,2,1.6094379124341005,0.2501869890333136,1,622
