k,mean_ari,median_ari,std_ari,n_repeats_effective
3,0.9347826086956521,1.0,0.09962121075990955,20
4,1.0,1.0,0.0,20
5,1.0,1.0,0.0,20
