ecosystem,config_cluster,entropy,entropy_normalized,num_projects,num_options
0,0,2.1972245773362196,1.0,2,9
0,2,1.7917594692280547,0.8154648767857285,1,9
0,1,1.3862943611198906,0.6309297535714574,1,9
